,FCID,Lane,SampleID,SampleRef,Description,Control,Recipe,Operator,SampleProject,Index1,Index2
0,HLYF3BCXY,1,0B1-300,F9,0B1-300,N,V8,Steve,D100200300,GCTACGCTATCT,ACTGCATA
2,HLYF3BCXY,1,0B2-300,G9,0B2-300,N,V8,Steve,D100200300,GCTACGCTATCT,AAGGAGTA
4,HLYF3BCXY,1,0B4-300,H9,0B4-300,N,V8,Steve,D100200300,GCTACGCTATCT,CTAAGCCT
6,HLYF3BCXY,1,0D1-300,B10,0D1-300,N,V8,Steve,D100200300,CGAGGCTGATCT,CTCTCTAT
8,HLYF3BCXY,1,0D5-300,C10,0D5-300,N,V8,Steve,D100200300,CGAGGCTGATCT,TATCCTCT
10,HLYF3BCXY,1,0F2-100,A1,0F2-100,N,V8,Steve,D100200300,TAAGGCGAATCT,GCGTAAGA
12,HLYF3BCXY,1,0F3-100-D10,D10,0F3-100-D10,N,V8,Steve,D100200300,CGAGGCTGATCT,AGAGTAGA
14,HLYF3BCXY,1,0F3-100,B1,0F3-100,N,V8,Steve,D100200300,TAAGGCGAATCT,CTCTCTAT
16,HLYF3BCXY,1,0P1-100,C1,0P1-100,N,V8,Steve,D100200300,TAAGGCGAATCT,TATCCTCT
18,HLYF3BCXY,1,0P4-100,D1,0P4-100,N,V8,Steve,D100200300,TAAGGCGAATCT,AGAGTAGA
20,HLYF3BCXY,1,0P4-300,E10,0P4-300,N,V8,Steve,D100200300,CGAGGCTGATCT,GTAAGGAG
22,HLYF3BCXY,1,0S1-100,G7,0S1-100,N,V8,Steve,D100200300,CTCTCTACATCT,AAGGAGTA
24,HLYF3BCXY,1,0S2-100,H7,0S2-100,N,V8,Steve,D100200300,CTCTCTACATCT,CTAAGCCT
26,HLYF3BCXY,1,0S3-100,A8,0S3-100,N,V8,Steve,D100200300,CAGAGAGGATCT,GCGTAAGA
28,HLYF3BCXY,1,0S4-100,B8,0S4-100,N,V8,Steve,D100200300,CAGAGAGGATCT,CTCTCTAT
30,HLYF3BCXY,1,0S5-100,C8,0S5-100,N,V8,Steve,D100200300,CAGAGAGGATCT,TATCCTCT
32,HLYF3BCXY,1,1B1-100,E1,1B1-100,N,V8,Steve,D100200300,TAAGGCGAATCT,GTAAGGAG
34,HLYF3BCXY,1,1B2-100,F1,1B2-100,N,V8,Steve,D100200300,TAAGGCGAATCT,ACTGCATA
36,HLYF3BCXY,1,1B2-200,F12,1B2-200,N,V8,Steve,D100200300,GTAGAGGAATCT,ACTGCATA
38,HLYF3BCXY,1,1B4-100,G1,1B4-100,N,V8,Steve,D100200300,TAAGGCGAATCT,AAGGAGTA
40,HLYF3BCXY,1,1B5-100,H1,1B5-100,N,V8,Steve,D100200300,TAAGGCGAATCT,CTAAGCCT
42,HLYF3BCXY,1,1C1-100,A2,1C1-100,N,V8,Steve,D100200300,CGTACTAGATCT,GCGTAAGA
44,HLYF3BCXY,1,1C2-100,B2,1C2-100,N,V8,Steve,D100200300,CGTACTAGATCT,CTCTCTAT
46,HLYF3BCXY,1,1C3-100,C2,1C3-100,N,V8,Steve,D100200300,CGTACTAGATCT,TATCCTCT
48,HLYF3BCXY,1,1C5-100,D2,1C5-100,N,V8,Steve,D100200300,CGTACTAGATCT,AGAGTAGA
50,HLYF3BCXY,1,1C5-300,A10,1C5-300,N,V8,Steve,D100200300,CGAGGCTGATCT,GCGTAAGA
52,HLYF3BCXY,1,1D1-100,E2,1D1-100,N,V8,Steve,D100200300,CGTACTAGATCT,GTAAGGAG
54,HLYF3BCXY,1,1D4-100,F2,1D4-100,N,V8,Steve,D100200300,CGTACTAGATCT,ACTGCATA
56,HLYF3BCXY,1,1D5-100,G2,1D5-100,N,V8,Steve,D100200300,CGTACTAGATCT,AAGGAGTA
58,HLYF3BCXY,1,1F1-100,H2,1F1-100,N,V8,Steve,D100200300,CGTACTAGATCT,CTAAGCCT
60,HLYF3BCXY,1,1F1-200,B12,1F1-200,N,V8,Steve,D100200300,GTAGAGGAATCT,CTCTCTAT
62,HLYF3BCXY,1,1F2-100,A3,1F2-100,N,V8,Steve,D100200300,AGGCAGAAATCT,GCGTAAGA
64,HLYF3BCXY,1,1F2-300,F11,1F2-300,N,V8,Steve,D100200300,AAGAGGCAATCT,ACTGCATA
66,HLYF3BCXY,1,1F3-100,B3,1F3-100,N,V8,Steve,D100200300,AGGCAGAAATCT,CTCTCTAT
68,HLYF3BCXY,1,1F3-300,G11,1F3-300,N,V8,Steve,D100200300,AAGAGGCAATCT,AAGGAGTA
70,HLYF3BCXY,1,1F4-100,C3,1F4-100,N,V8,Steve,D100200300,AGGCAGAAATCT,TATCCTCT
72,HLYF3BCXY,1,1F4-300,H11,1F4-300,N,V8,Steve,D100200300,AAGAGGCAATCT,CTAAGCCT
74,HLYF3BCXY,1,1F5-200,C12,1F5-200,N,V8,Steve,D100200300,GTAGAGGAATCT,TATCCTCT
76,HLYF3BCXY,1,1J1-100,D3,1J1-100,N,V8,Steve,D100200300,AGGCAGAAATCT,AGAGTAGA
78,HLYF3BCXY,1,1J2-100,E3,1J2-100,N,V8,Steve,D100200300,AGGCAGAAATCT,GTAAGGAG
80,HLYF3BCXY,1,1J3-100,F3,1J3-100,N,V8,Steve,D100200300,AGGCAGAAATCT,ACTGCATA
82,HLYF3BCXY,1,1J3-200,E12,1J3-200,N,V8,Steve,D100200300,GTAGAGGAATCT,GTAAGGAG
84,HLYF3BCXY,1,1J5-100,G3,1J5-100,N,V8,Steve,D100200300,AGGCAGAAATCT,AAGGAGTA
86,HLYF3BCXY,1,1P1-100,H3,1P1-100,N,V8,Steve,D100200300,AGGCAGAAATCT,CTAAGCCT
88,HLYF3BCXY,1,1P2-100,A4,1P2-100,N,V8,Steve,D100200300,TCCTGAGCATCT,GCGTAAGA
90,HLYF3BCXY,1,1P2-300,F10,1P2-300,N,V8,Steve,D100200300,CGAGGCTGATCT,ACTGCATA
92,HLYF3BCXY,1,1P3-100,B4,1P3-100,N,V8,Steve,D100200300,TCCTGAGCATCT,CTCTCTAT
94,HLYF3BCXY,1,1P4-100,C4,1P4-100,N,V8,Steve,D100200300,TCCTGAGCATCT,TATCCTCT
96,HLYF3BCXY,1,1P4-300,G10,1P4-300,N,V8,Steve,D100200300,CGAGGCTGATCT,AAGGAGTA
98,HLYF3BCXY,1,1P5-100,D4,1P5-100,N,V8,Steve,D100200300,TCCTGAGCATCT,AGAGTAGA
100,HLYF3BCXY,1,1P5-300,H10,1P5-300,N,V8,Steve,D100200300,CGAGGCTGATCT,CTAAGCCT
102,HLYF3BCXY,1,1S1-100,D8,1S1-100,N,V8,Steve,D100200300,CAGAGAGGATCT,AGAGTAGA
104,HLYF3BCXY,1,1S2-100,E8,1S2-100,N,V8,Steve,D100200300,CAGAGAGGATCT,GTAAGGAG
106,HLYF3BCXY,1,1S3-100,F8,1S3-100,N,V8,Steve,D100200300,CAGAGAGGATCT,ACTGCATA
108,HLYF3BCXY,1,1S4-100,G8,1S4-100,N,V8,Steve,D100200300,CAGAGAGGATCT,AAGGAGTA
110,HLYF3BCXY,1,1S5-100,H8,1S5-100,N,V8,Steve,D100200300,CAGAGAGGATCT,CTAAGCCT
112,HLYF3BCXY,1,2B1-100,E4,2B1-100,N,V8,Steve,D100200300,TCCTGAGCATCT,GTAAGGAG
114,HLYF3BCXY,1,2B2-100,F4,2B2-100,N,V8,Steve,D100200300,TCCTGAGCATCT,ACTGCATA
116,HLYF3BCXY,1,2B2-300,A11,2B2-300,N,V8,Steve,D100200300,AAGAGGCAATCT,GCGTAAGA
118,HLYF3BCXY,1,2B4-100,G4,2B4-100,N,V8,Steve,D100200300,TCCTGAGCATCT,AAGGAGTA
120,HLYF3BCXY,1,2B4-300,B11,2B4-300,N,V8,Steve,D100200300,AAGAGGCAATCT,CTCTCTAT
122,HLYF3BCXY,1,2B5-100,H4,2B5-100,N,V8,Steve,D100200300,TCCTGAGCATCT,CTAAGCCT
124,HLYF3BCXY,1,2B5-300,C11,2B5-300,N,V8,Steve,D100200300,AAGAGGCAATCT,TATCCTCT
126,HLYF3BCXY,1,2C1-100,A5,2C1-100,N,V8,Steve,D100200300,GGACTCCTATCT,GCGTAAGA
128,HLYF3BCXY,1,2C2-100,B5,2C2-100,N,V8,Steve,D100200300,GGACTCCTATCT,CTCTCTAT
130,HLYF3BCXY,1,2C3-100,C5,2C3-100,N,V8,Steve,D100200300,GGACTCCTATCT,TATCCTCT
132,HLYF3BCXY,1,2C4-100,D5,2C4-100,N,V8,Steve,D100200300,GGACTCCTATCT,AGAGTAGA
134,HLYF3BCXY,1,2C5-100,E5,2C5-100,N,V8,Steve,D100200300,GGACTCCTATCT,GTAAGGAG
136,HLYF3BCXY,1,2D1-100,F5,2D1-100,N,V8,Steve,D100200300,GGACTCCTATCT,ACTGCATA
138,HLYF3BCXY,1,2D2-100,G5,2D2-100,N,V8,Steve,D100200300,GGACTCCTATCT,AAGGAGTA
140,HLYF3BCXY,1,2D5-100,H5,2D5-100,N,V8,Steve,D100200300,GGACTCCTATCT,CTAAGCCT
142,HLYF3BCXY,1,2F1-100,A6,2F1-100,N,V8,Steve,D100200300,TAGGCATGATCT,GCGTAAGA
144,HLYF3BCXY,1,2F2-100,B6,2F2-100,N,V8,Steve,D100200300,TAGGCATGATCT,CTCTCTAT
146,HLYF3BCXY,1,2F3-100,C6,2F3-100,N,V8,Steve,D100200300,TAGGCATGATCT,TATCCTCT
148,HLYF3BCXY,1,2F4-100,D6,2F4-100,N,V8,Steve,D100200300,TAGGCATGATCT,AGAGTAGA
150,HLYF3BCXY,1,2F4-200,D12,2F4-200,N,V8,Steve,D100200300,GTAGAGGAATCT,AGAGTAGA
152,HLYF3BCXY,1,2J1-100,E6,2J1-100,N,V8,Steve,D100200300,TAGGCATGATCT,GTAAGGAG
154,HLYF3BCXY,1,2J2-100,F6,2J2-100,N,V8,Steve,D100200300,TAGGCATGATCT,ACTGCATA
156,HLYF3BCXY,1,2J3-100,G6,2J3-100,N,V8,Steve,D100200300,TAGGCATGATCT,AAGGAGTA
158,HLYF3BCXY,1,2J3-300,A12,2J3-300,N,V8,Steve,D100200300,GTAGAGGAATCT,GCGTAAGA
160,HLYF3BCXY,1,2J4-100,H6,2J4-100,N,V8,Steve,D100200300,TAGGCATGATCT,CTAAGCCT
162,HLYF3BCXY,1,2J5-100,A7,2J5-100,N,V8,Steve,D100200300,CTCTCTACATCT,GCGTAAGA
164,HLYF3BCXY,1,2J5-300,D11,2J5-300,N,V8,Steve,D100200300,AAGAGGCAATCT,AGAGTAGA
166,HLYF3BCXY,1,2P1-100,B7,2P1-100,N,V8,Steve,D100200300,CTCTCTACATCT,CTCTCTAT
168,HLYF3BCXY,1,2P2-100,C7,2P2-100,N,V8,Steve,D100200300,CTCTCTACATCT,TATCCTCT
170,HLYF3BCXY,1,2P3-100,D7,2P3-100,N,V8,Steve,D100200300,CTCTCTACATCT,AGAGTAGA
172,HLYF3BCXY,1,2P3-200,H12,2P3-200,N,V8,Steve,D100200300,GTAGAGGAATCT,CTAAGCCT
174,HLYF3BCXY,1,2P3-300,E11,2P3-300,N,V8,Steve,D100200300,AAGAGGCAATCT,GTAAGGAG
176,HLYF3BCXY,1,2P4-100,E7,2P4-100,N,V8,Steve,D100200300,CTCTCTACATCT,GTAAGGAG
178,HLYF3BCXY,1,2P5-100,F7,2P5-100,N,V8,Steve,D100200300,CTCTCTACATCT,ACTGCATA
180,HLYF3BCXY,1,2S1-100,A9,2S1-100,N,V8,Steve,D100200300,GCTACGCTATCT,GCGTAAGA
182,HLYF3BCXY,1,2S2-100,B9,2S2-100,N,V8,Steve,D100200300,GCTACGCTATCT,CTCTCTAT
184,HLYF3BCXY,1,2S3-100,C9,2S3-100,N,V8,Steve,D100200300,GCTACGCTATCT,TATCCTCT
186,HLYF3BCXY,1,2S4-100,D9,2S4-100,N,V8,Steve,D100200300,GCTACGCTATCT,AGAGTAGA
188,HLYF3BCXY,1,2S5-100,E9,2S5-100,N,V8,Steve,D100200300,GCTACGCTATCT,GTAAGGAG
190,HLYF3BCXY,1,OF3-200,G12,OF3-200,N,V8,Steve,D100200300,GTAGAGGAATCT,AAGGAGTA
