[Header],,,,,,,,,
,,,,,,,,,
IEMFileVersion,4,,,,,,,,
,,,,,,,,,
Experiment Name,GSF2124 Lennon Plates (1-2) 3-6-19 Run 3,,,,,,,,
,,,,,,,,,
Date,2/25/19,,,,,,,,
,,,,,,,,,
Workflow,GenerateFASTQ,,,,,,,,
,,,,,,,,,
Application,NextSeq FASTQ Only,,,,,,,,
,,,,,,,,,
Assay,TruSeq LT,,,,,,,,
,,,,,,,,,
Description,GSF2124 Lennon Plates (1-2) 3-6-19 Run 3,,,,,,,,
,,,,,,,,,
Chemistry,Default,,,,,,,,
,,,,,,,,,
,,,,,,,,,
,,,,,,,,,
[Reads],,,,,,,,,
,,,,,,,,,
316,,,,,,,,,
,,,,,,,,,
,,,,,,,,,
,,,,,,,,,
,,,,,,,,,
,,,,,,,,,
[Settings],,,,,,,,,
,,,,,,,,,
,,,,,,,,,
,,,,,,,,,
[Data],,,,,,,,,
,,,,,,,,,
Sample_ID,Sample_Name,Sample_Plate,Sample_Well,I7_Index_ID,index,I5_Index_ID,index2,Sample_Project,Description
,,,,,,,,,
GSF2124-Lennon-Plate_1_2A4-D100,GSF2124-Lennon-Plate_1_2A4-D100,,,,TAAGGCGA,,ATAGAGAG,,
,,,,,,,,,
GSF2124-Lennon-Plate_1_2B5-D100,GSF2124-Lennon-Plate_1_2B5-D100,,,,TAAGGCGA,,AGAGGATA,,
,,,,,,,,,
GSF2124-Lennon-Plate_1_0D5-D100,GSF2124-Lennon-Plate_1_0D5-D100,,,,TAAGGCGA,,CTCCTTAC,,
,,,,,,,,,
GSF2124-Lennon-Plate_1_0F5-D100,GSF2124-Lennon-Plate_1_0F5-D100,,,,TAAGGCGA,,TATGCAGT,,
,,,,,,,,,
GSF2124-Lennon-Plate_1_1J2-D100,GSF2124-Lennon-Plate_1_1J2-D100,,,,TAAGGCGA,,TACTCCTT,,
,,,,,,,,,
GSF2124-Lennon-Plate_1_0S3-D100,GSF2124-Lennon-Plate_1_0S3-D100,,,,TAAGGCGA,,AGGCTTAG,,
,,,,,,,,,
GSF2124-Lennon-Plate_1_1B2-D200,GSF2124-Lennon-Plate_1_1B2-D200,,,,TAAGGCGA,,ATTAGACG,,
,,,,,,,,,
GSF2124-Lennon-Plate_1_2F2-D200,GSF2124-Lennon-Plate_1_2F2-D200,,,,TAAGGCGA,,CGGAGAGA,,
,,,,,,,,,
GSF2124-Lennon-Plate_1_2A5-D100,GSF2124-Lennon-Plate_1_2A5-D100,,,,CGTACTAG,,ATAGAGAG,,
,,,,,,,,,
GSF2124-Lennon-Plate_1_0C1-D100,GSF2124-Lennon-Plate_1_0C1-D100,,,,CGTACTAG,,AGAGGATA,,
,,,,,,,,,
GSF2124-Lennon-Plate_1_1D1-D100,GSF2124-Lennon-Plate_1_1D1-D100,,,,CGTACTAG,,CTCCTTAC,,
,,,,,,,,,
GSF2124-Lennon-Plate_1_1F1-D100,GSF2124-Lennon-Plate_1_1F1-D100,,,,CGTACTAG,,TATGCAGT,,
,,,,,,,,,
GSF2124-Lennon-Plate_1_0P2-D100,GSF2124-Lennon-Plate_1_0P2-D100,,,,CGTACTAG,,TACTCCTT,,
,,,,,,,,,
GSF2124-Lennon-Plate_1_0S4-D100,GSF2124-Lennon-Plate_1_0S4-D100,,,,CGTACTAG,,AGGCTTAG,,
,,,,,,,,,
GSF2124-Lennon-Plate_1_1B3-D200,GSF2124-Lennon-Plate_1_1B3-D200,,,,CGTACTAG,,ATTAGACG,,
,,,,,,,,,
GSF2124-Lennon-Plate_1_2F3-D200,GSF2124-Lennon-Plate_1_2F3-D200,,,,CGTACTAG,,CGGAGAGA,,
,,,,,,,,,
GSF2124-Lennon-Plate_1_0B5-D100,GSF2124-Lennon-Plate_1_0B5-D100,,,,AGGCAGAA,,ATAGAGAG,,
,,,,,,,,,
GSF2124-Lennon-Plate_1_0C2-D100,GSF2124-Lennon-Plate_1_0C2-D100,,,,AGGCAGAA,,AGAGGATA,,
,,,,,,,,,
GSF2124-Lennon-Plate_1_1D2-D100,GSF2124-Lennon-Plate_1_1D2-D100,,,,AGGCAGAA,,CTCCTTAC,,
,,,,,,,,,
GSF2124-Lennon-Plate_1_1F2-D100,GSF2124-Lennon-Plate_1_1F2-D100,,,,AGGCAGAA,,TATGCAGT,,
,,,,,,,,,
GSF2124-Lennon-Plate_1_0P3-D100,GSF2124-Lennon-Plate_1_0P3-D100,,,,AGGCAGAA,,TACTCCTT,,
,,,,,,,,,
GSF2124-Lennon-Plate_1_0S5-D100,GSF2124-Lennon-Plate_1_0S5-D100,,,,AGGCAGAA,,AGGCTTAG,,
,,,,,,,,,
GSF2124-Lennon-Plate_1_2C5-D200,GSF2124-Lennon-Plate_1_2C5-D200,,,,AGGCAGAA,,ATTAGACG,,
,,,,,,,,,
GSF2124-Lennon-Plate_1_2F3-D200,GSF2124-Lennon-Plate_1_2F3-D200,,,,AGGCAGAA,,CGGAGAGA,,
,,,,,,,,,
GSF2124-Lennon-Plate_1_1B1-D100,GSF2124-Lennon-Plate_1_1B1-D100,,,,TCCTGAGC,,ATAGAGAG,,
,,,,,,,,,
GSF2124-Lennon-Plate_1_0C4-D100,GSF2124-Lennon-Plate_1_0C4-D100,,,,TCCTGAGC,,AGAGGATA,,
,,,,,,,,,
GSF2124-Lennon-Plate_1_1D3-D100,GSF2124-Lennon-Plate_1_1D3-D100,,,,TCCTGAGC,,CTCCTTAC,,
,,,,,,,,,
GSF2124-Lennon-Plate_1_1F3-D100,GSF2124-Lennon-Plate_1_1F3-D100,,,,TCCTGAGC,,TATGCAGT,,
,,,,,,,,,
GSF2124-Lennon-Plate_1_0P4-D100,GSF2124-Lennon-Plate_1_0P4-D100,,,,TCCTGAGC,,TACTCCTT,,
,,,,,,,,,
GSF2124-Lennon-Plate_1_1S2-D100,GSF2124-Lennon-Plate_1_1S2-D100,,,,TCCTGAGC,,AGGCTTAG,,
,,,,,,,,,
GSF2124-Lennon-Plate_1_0D2-D200,GSF2124-Lennon-Plate_1_0D2-D200,,,,TCCTGAGC,,ATTAGACG,,
,,,,,,,,,
GSF2124-Lennon-Plate_1_1J2-D200,GSF2124-Lennon-Plate_1_1J2-D200,,,,TCCTGAGC,,CGGAGAGA,,
,,,,,,,,,
GSF2124-Lennon-Plate_1_1B2-D100,GSF2124-Lennon-Plate_1_1B2-D100,,,,GGACTCCT,,ATAGAGAG,,
,,,,,,,,,
GSF2124-Lennon-Plate_1_0C5-D100,GSF2124-Lennon-Plate_1_0C5-D100,,,,GGACTCCT,,AGAGGATA,,
,,,,,,,,,
GSF2124-Lennon-Plate_1_1D4-D100,GSF2124-Lennon-Plate_1_1D4-D100,,,,GGACTCCT,,CTCCTTAC,,
,,,,,,,,,
GSF2124-Lennon-Plate_1_1F4-D100,GSF2124-Lennon-Plate_1_1F4-D100,,,,GGACTCCT,,TATGCAGT,,
,,,,,,,,,
GSF2124-Lennon-Plate_1_0P5-D100,GSF2124-Lennon-Plate_1_0P5-D100,,,,GGACTCCT,,TACTCCTT,,
,,,,,,,,,
GSF2124-Lennon-Plate_1_1S3-D100,GSF2124-Lennon-Plate_1_1S3-D100,,,,GGACTCCT,,AGGCTTAG,,
,,,,,,,,,
GSF2124-Lennon-Plate_1_0D3-D200,GSF2124-Lennon-Plate_1_0D3-D200,,,,GGACTCCT,,ATTAGACG,,
,,,,,,,,,
GSF2124-Lennon-Plate_1_1J3-D200,GSF2124-Lennon-Plate_1_1J3-D200,,,,GGACTCCT,,CGGAGAGA,,
,,,,,,,,,
GSF2124-Lennon-Plate_1_1B3-D100,GSF2124-Lennon-Plate_1_1B3-D100,,,,TAGGCATG,,ATAGAGAG,,
,,,,,,,,,
GSF2124-Lennon-Plate_1_2C1-D100,GSF2124-Lennon-Plate_1_2C1-D100,,,,TAGGCATG,,AGAGGATA,,
,,,,,,,,,
GSF2124-Lennon-Plate_1_2D1-D100,GSF2124-Lennon-Plate_1_2D1-D100,,,,TAGGCATG,,CTCCTTAC,,
,,,,,,,,,
GSF2124-Lennon-Plate_1_1F5-D100,GSF2124-Lennon-Plate_1_1F5-D100,,,,TAGGCATG,,TATGCAGT,,
,,,,,,,,,
GSF2124-Lennon-Plate_1_2P1-D100,GSF2124-Lennon-Plate_1_2P1-D100,,,,TAGGCATG,,TACTCCTT,,
,,,,,,,,,
GSF2124-Lennon-Plate_1_1S4-D100,GSF2124-Lennon-Plate_1_1S4-D100,,,,TAGGCATG,,AGGCTTAG,,
,,,,,,,,,
GSF2124-Lennon-Plate_1_1D3-D200,GSF2124-Lennon-Plate_1_1D3-D200,,,,TAGGCATG,,ATTAGACG,,
,,,,,,,,,
GSF2124-Lennon-Plate_1_1J5-D200,GSF2124-Lennon-Plate_1_1J5-D200,,,,TAGGCATG,,CGGAGAGA,,
,,,,,,,,,
GSF2124-Lennon-Plate_1_1B4-D100,GSF2124-Lennon-Plate_1_1B4-D100,,,,CTCTCTAC,,ATAGAGAG,,
,,,,,,,,,
GSF2124-Lennon-Plate_1_2C2-D100,GSF2124-Lennon-Plate_1_2C2-D100,,,,CTCTCTAC,,AGAGGATA,,
,,,,,,,,,
GSF2124-Lennon-Plate_1_2D2-D100,GSF2124-Lennon-Plate_1_2D2-D100,,,,CTCTCTAC,,CTCCTTAC,,
,,,,,,,,,
GSF2124-Lennon-Plate_1_2F3-D100,GSF2124-Lennon-Plate_1_2F3-D100,,,,CTCTCTAC,,TATGCAGT,,
,,,,,,,,,
GSF2124-Lennon-Plate_1_2P2-D100,GSF2124-Lennon-Plate_1_2P2-D100,,,,CTCTCTAC,,TACTCCTT,,
,,,,,,,,,
GSF2124-Lennon-Plate_1_1S5-D100,GSF2124-Lennon-Plate_1_1S5-D100,,,,CTCTCTAC,,AGGCTTAG,,
,,,,,,,,,
GSF2124-Lennon-Plate_1_1D4-D200,GSF2124-Lennon-Plate_1_1D4-D200,,,,CTCTCTAC,,ATTAGACG,,
,,,,,,,,,
GSF2124-Lennon-Plate_1_2P3-D200,GSF2124-Lennon-Plate_1_2P3-D200,,,,CTCTCTAC,,CGGAGAGA,,
,,,,,,,,,
GSF2124-Lennon-Plate_1_1B5-D100,GSF2124-Lennon-Plate_1_1B5-D100,,,,CGAGGCTG,,ATAGAGAG,,
,,,,,,,,,
GSF2124-Lennon-Plate_1_2C3-D100,GSF2124-Lennon-Plate_1_2C3-D100,,,,CGAGGCTG,,AGAGGATA,,
,,,,,,,,,
GSF2124-Lennon-Plate_1_2D4-D100,GSF2124-Lennon-Plate_1_2D4-D100,,,,CGAGGCTG,,CTCCTTAC,,
,,,,,,,,,
GSF2124-Lennon-Plate_1_2F4-D100,GSF2124-Lennon-Plate_1_2F4-D100,,,,CGAGGCTG,,TATGCAGT,,
,,,,,,,,,
GSF2124-Lennon-Plate_1_2P3-D100,GSF2124-Lennon-Plate_1_2P3-D100,,,,CGAGGCTG,,TACTCCTT,,
,,,,,,,,,
GSF2124-Lennon-Plate_1_2S5-D100,GSF2124-Lennon-Plate_1_2S5-D100,,,,CGAGGCTG,,AGGCTTAG,,
,,,,,,,,,
GSF2124-Lennon-Plate_1_2D3-D200,GSF2124-Lennon-Plate_1_2D3-D200,,,,CGAGGCTG,,ATTAGACG,,
,,,,,,,,,
GSF2124-Lennon-Plate_1_2S1-D200,GSF2124-Lennon-Plate_1_2S1-D200,,,,CGAGGCTG,,CGGAGAGA,,
,,,,,,,,,
GSF2124-Lennon-Plate_1_2B1-D100,GSF2124-Lennon-Plate_1_2B1-D100,,,,AAGAGGCA,,ATAGAGAG,,
,,,,,,,,,
GSF2124-Lennon-Plate_1_0D1-D100,GSF2124-Lennon-Plate_1_0D1-D100,,,,AAGAGGCA,,AGAGGATA,,
,,,,,,,,,
GSF2124-Lennon-Plate_1_2D5-D100,GSF2124-Lennon-Plate_1_2D5-D100,,,,AAGAGGCA,,CTCCTTAC,,
,,,,,,,,,
GSF2124-Lennon-Plate_1_2F5-D100,GSF2124-Lennon-Plate_1_2F5-D100,,,,AAGAGGCA,,TATGCAGT,,
,,,,,,,,,
GSF2124-Lennon-Plate_1_2P4-D100,GSF2124-Lennon-Plate_1_2P4-D100,,,,AAGAGGCA,,TACTCCTT,,
,,,,,,,,,
GSF2124-Lennon-Plate_1_2A4-D200,GSF2124-Lennon-Plate_1_2A4-D200,,,,AAGAGGCA,,AGGCTTAG,,
,,,,,,,,,
GSF2124-Lennon-Plate_1_0F2-D200,GSF2124-Lennon-Plate_1_0F2-D200,,,,AAGAGGCA,,ATTAGACG,,
,,,,,,,,,
GSF2124-Lennon-Plate_1_2S2-D200,GSF2124-Lennon-Plate_1_2S2-D200,,,,AAGAGGCA,,CGGAGAGA,,
,,,,,,,,,
GSF2124-Lennon-Plate_1_2B2-D100,GSF2124-Lennon-Plate_1_2B2-D100,,,,GTAGAGGA,,ATAGAGAG,,
,,,,,,,,,
GSF2124-Lennon-Plate_1_0D2-D100,GSF2124-Lennon-Plate_1_0D2-D100,,,,GTAGAGGA,,AGAGGATA,,
,,,,,,,,,
GSF2124-Lennon-Plate_1_0F1-D100,GSF2124-Lennon-Plate_1_0F1-D100,,,,GTAGAGGA,,CTCCTTAC,,
,,,,,,,,,
GSF2124-Lennon-Plate_1_0J1-D100,GSF2124-Lennon-Plate_1_0J1-D100,,,,GTAGAGGA,,TATGCAGT,,
,,,,,,,,,
GSF2124-Lennon-Plate_1_2P5-D100,GSF2124-Lennon-Plate_1_2P5-D100,,,,GTAGAGGA,,TACTCCTT,,
,,,,,,,,,
GSF2124-Lennon-Plate_1_2A5-D200,GSF2124-Lennon-Plate_1_2A5-D200,,,,GTAGAGGA,,AGGCTTAG,,
,,,,,,,,,
GSF2124-Lennon-Plate_1_0F3-D200,GSF2124-Lennon-Plate_1_0F3-D200,,,,GTAGAGGA,,ATTAGACG,,
,,,,,,,,,
GSF2124-Lennon-Plate_1_2S3-D200,GSF2124-Lennon-Plate_1_2S3-D200,,,,GTAGAGGA,,CGGAGAGA,,
,,,,,,,,,
GSF2124-Lennon-Plate_1_2B3-D100,GSF2124-Lennon-Plate_1_2B3-D100,,,,GCTCATGA,,ATAGAGAG,,
,,,,,,,,,
GSF2124-Lennon-Plate_1_0D3-D100,GSF2124-Lennon-Plate_1_0D3-D100,,,,GCTCATGA,,AGAGGATA,,
,,,,,,,,,
GSF2124-Lennon-Plate_1_0F2-D100,GSF2124-Lennon-Plate_1_0F2-D100,,,,GCTCATGA,,CTCCTTAC,,
,,,,,,,,,
GSF2124-Lennon-Plate_1_0J3-D100,GSF2124-Lennon-Plate_1_0J3-D100,,,,GCTCATGA,,TATGCAGT,,
,,,,,,,,,
GSF2124-Lennon-Plate_1_0S1-D100,GSF2124-Lennon-Plate_1_0S1-D100,,,,GCTCATGA,,TACTCCTT,,
,,,,,,,,,
GSF2124-Lennon-Plate_1_2B2-D200,GSF2124-Lennon-Plate_1_2B2-D200,,,,GCTCATGA,,AGGCTTAG,,
,,,,,,,,,
GSF2124-Lennon-Plate_1_0F4-D200,GSF2124-Lennon-Plate_1_0F4-D200,,,,GCTCATGA,,ATTAGACG,,
,,,,,,,,,
GSF2124-Lennon-Plate_1_2S4-D200,GSF2124-Lennon-Plate_1_2S4-D200,,,,GCTCATGA,,CGGAGAGA,,
,,,,,,,,,
GSF2124-Lennon-Plate_1_2B4-D100,GSF2124-Lennon-Plate_1_2B4-D100,,,,ATCTCAGG,,ATAGAGAG,,
,,,,,,,,,
GSF2124-Lennon-Plate_1_0D4-D100,GSF2124-Lennon-Plate_1_0D4-D100,,,,ATCTCAGG,,AGAGGATA,,
,,,,,,,,,
GSF2124-Lennon-Plate_1_0F3-D100,GSF2124-Lennon-Plate_1_0F3-D100,,,,ATCTCAGG,,CTCCTTAC,,
,,,,,,,,,
GSF2124-Lennon-Plate_1_0J5-D100,GSF2124-Lennon-Plate_1_0J5-D100,,,,ATCTCAGG,,TATGCAGT,,
,,,,,,,,,
GSF2124-Lennon-Plate_1_0S2-D100,GSF2124-Lennon-Plate_1_0S2-D100,,,,ATCTCAGG,,TACTCCTT,,
,,,,,,,,,
GSF2124-Lennon-Plate_1_2B5-D200,GSF2124-Lennon-Plate_1_2B5-D200,,,,ATCTCAGG,,AGGCTTAG,,
,,,,,,,,,
GSF2124-Lennon-Plate_1_1F1-D200,GSF2124-Lennon-Plate_1_1F1-D200,,,,ATCTCAGG,,ATTAGACG,,
,,,,,,,,,
GSF2124-Lennon-Plate_1_2S5-D200,GSF2124-Lennon-Plate_1_2S5-D200,,,,ATCTCAGG,,CGGAGAGA,,
,,,,,,,,,
GSF2124-Lennon-Plate_2_0-A-1-300,GSF2124-Lennon-Plate_2_0-A-1-300,,,,ACTCGCTA,,CTAGTCGA,,
,,,,,,,,,
GSF2124-Lennon-Plate_2_2-A-4-300,GSF2124-Lennon-Plate_2_2-A-4-300,,,,ACTCGCTA,,AGCTAGAA,,
,,,,,,,,,
GSF2124-Lennon-Plate_2_2-B-4-300,GSF2124-Lennon-Plate_2_2-B-4-300,,,,ACTCGCTA,,ACTCTAGG,,
,,,,,,,,,
GSF2124-Lennon-Plate_2_2-C-1-300,GSF2124-Lennon-Plate_2_2-C-1-300,,,,ACTCGCTA,,TCTTACGC,,
,,,,,,,,,
GSF2124-Lennon-Plate_2_1-D-5-300,GSF2124-Lennon-Plate_2_1-D-5-300,,,,ACTCGCTA,,CTTAATAG,,
,,,,,,,,,
GSF2124-Lennon-Plate_2_1-F-4-300,GSF2124-Lennon-Plate_2_1-F-4-300,,,,ACTCGCTA,,ATAGCCTT,,
,,,,,,,,,
GSF2124-Lennon-Plate_2_0-P-2-300,GSF2124-Lennon-Plate_2_0-P-2-300,,,,ACTCGCTA,,TAAGGCTC,,
,,,,,,,,,
GSF2124-Lennon-Plate_2_2-S-1-300,GSF2124-Lennon-Plate_2_2-S-1-300,,,,ACTCGCTA,,TCGCATAA,,
,,,,,,,,,
GSF2124-Lennon-Plate_2_0-A-2-300,GSF2124-Lennon-Plate_2_0-A-2-300,,,,GGAGCTAC,,CTAGTCGA,,
,,,,,,,,,
GSF2124-Lennon-Plate_2_2-A-5-300,GSF2124-Lennon-Plate_2_2-A-5-300,,,,GGAGCTAC,,AGCTAGAA,,
,,,,,,,,,
GSF2124-Lennon-Plate_2_2-B-5-300,GSF2124-Lennon-Plate_2_2-B-5-300,,,,GGAGCTAC,,ACTCTAGG,,
,,,,,,,,,
GSF2124-Lennon-Plate_2_2-C-2-300,GSF2124-Lennon-Plate_2_2-C-2-300,,,,GGAGCTAC,,TCTTACGC,,
,,,,,,,,,
GSF2124-Lennon-Plate_2_2-D-1-300,GSF2124-Lennon-Plate_2_2-D-1-300,,,,GGAGCTAC,,CTTAATAG,,
,,,,,,,,,
GSF2124-Lennon-Plate_2_2-F-1-300,GSF2124-Lennon-Plate_2_2-F-1-300,,,,GGAGCTAC,,ATAGCCTT,,
,,,,,,,,,
GSF2124-Lennon-Plate_2_0-P-4-300,GSF2124-Lennon-Plate_2_0-P-4-300,,,,GGAGCTAC,,TAAGGCTC,,
,,,,,,,,,
GSF2124-Lennon-Plate_2_2-S-2-300,GSF2124-Lennon-Plate_2_2-S-2-300,,,,GGAGCTAC,,TCGCATAA,,
,,,,,,,,,
GSF2124-Lennon-Plate_2_0-A-3-300,GSF2124-Lennon-Plate_2_0-A-3-300,,,,GCGTAGTA,,CTAGTCGA,,
,,,,,,,,,
GSF2124-Lennon-Plate_2_0-B-1-300,GSF2124-Lennon-Plate_2_0-B-1-300,,,,GCGTAGTA,,AGCTAGAA,,
,,,,,,,,,
GSF2124-Lennon-Plate_2_0-C-1-300,GSF2124-Lennon-Plate_2_0-C-1-300,,,,GCGTAGTA,,ACTCTAGG,,
,,,,,,,,,
GSF2124-Lennon-Plate_2_2-C-4-300,GSF2124-Lennon-Plate_2_2-C-4-300,,,,GCGTAGTA,,TCTTACGC,,
,,,,,,,,,
GSF2124-Lennon-Plate_2_2-D-2-300,GSF2124-Lennon-Plate_2_2-D-2-300,,,,GCGTAGTA,,CTTAATAG,,
,,,,,,,,,
GSF2124-Lennon-Plate_2_2-F-2-300,GSF2124-Lennon-Plate_2_2-F-2-300,,,,GCGTAGTA,,ATAGCCTT,,
,,,,,,,,,
GSF2124-Lennon-Plate_2_1-P-1-300,GSF2124-Lennon-Plate_2_1-P-1-300,,,,GCGTAGTA,,TAAGGCTC,,
,,,,,,,,,
GSF2124-Lennon-Plate_2_2-S-3-300,GSF2124-Lennon-Plate_2_2-S-3-300,,,,GCGTAGTA,,TCGCATAA,,
,,,,,,,,,
GSF2124-Lennon-Plate_2_0-A-4-300,GSF2124-Lennon-Plate_2_0-A-4-300,,,,CGGAGCCT,,CTAGTCGA,,
,,,,,,,,,
GSF2124-Lennon-Plate_2_0-B-3-300,GSF2124-Lennon-Plate_2_0-B-3-300,,,,CGGAGCCT,,AGCTAGAA,,
,,,,,,,,,
GSF2124-Lennon-Plate_2_0-C-2-300,GSF2124-Lennon-Plate_2_0-C-2-300,,,,CGGAGCCT,,ACTCTAGG,,
,,,,,,,,,
GSF2124-Lennon-Plate_2_2-C-5-300,GSF2124-Lennon-Plate_2_2-C-5-300,,,,CGGAGCCT,,TCTTACGC,,
,,,,,,,,,
GSF2124-Lennon-Plate_2_2-D-3-300,GSF2124-Lennon-Plate_2_2-D-3-300,,,,CGGAGCCT,,CTTAATAG,,
,,,,,,,,,
GSF2124-Lennon-Plate_2_2-F-3-300,GSF2124-Lennon-Plate_2_2-F-3-300,,,,CGGAGCCT,,ATAGCCTT,,
,,,,,,,,,
GSF2124-Lennon-Plate_2_1-P-2-300,GSF2124-Lennon-Plate_2_1-P-2-300,,,,CGGAGCCT,,TAAGGCTC,,
,,,,,,,,,
GSF2124-Lennon-Plate_2_2-S-4-300,GSF2124-Lennon-Plate_2_2-S-4-300,,,,CGGAGCCT,,TCGCATAA,,
,,,,,,,,,
GSF2124-Lennon-Plate_2_0-A-5-300,GSF2124-Lennon-Plate_2_0-A-5-300,,,,TACGCTGC,,CTAGTCGA,,
,,,,,,,,,
GSF2124-Lennon-Plate_2_0-B-4-300,GSF2124-Lennon-Plate_2_0-B-4-300,,,,TACGCTGC,,AGCTAGAA,,
,,,,,,,,,
GSF2124-Lennon-Plate_2_0-C-3-300,GSF2124-Lennon-Plate_2_0-C-3-300,,,,TACGCTGC,,ACTCTAGG,,
,,,,,,,,,
GSF2124-Lennon-Plate_2_0-D-1-300,GSF2124-Lennon-Plate_2_0-D-1-300,,,,TACGCTGC,,TCTTACGC,,
,,,,,,,,,
GSF2124-Lennon-Plate_2_2-D-4-300,GSF2124-Lennon-Plate_2_2-D-4-300,,,,TACGCTGC,,CTTAATAG,,
,,,,,,,,,
GSF2124-Lennon-Plate_2_2-F-4-300,GSF2124-Lennon-Plate_2_2-F-4-300,,,,TACGCTGC,,ATAGCCTT,,
,,,,,,,,,
GSF2124-Lennon-Plate_2_1-P-3-300,GSF2124-Lennon-Plate_2_1-P-3-300,,,,TACGCTGC,,TAAGGCTC,,
,,,,,,,,,
GSF2124-Lennon-Plate_2_2-S-5-300,GSF2124-Lennon-Plate_2_2-S-5-300,,,,TACGCTGC,,TCGCATAA,,
,,,,,,,,,
GSF2124-Lennon-Plate_2_1-A-1-300,GSF2124-Lennon-Plate_2_1-A-1-300,,,,ATGCGCAG,,CTAGTCGA,,
,,,,,,,,,
GSF2124-Lennon-Plate_2_0-B-5-300,GSF2124-Lennon-Plate_2_0-B-5-300,,,,ATGCGCAG,,AGCTAGAA,,
,,,,,,,,,
GSF2124-Lennon-Plate_2_0-C-4-300,GSF2124-Lennon-Plate_2_0-C-4-300,,,,ATGCGCAG,,ACTCTAGG,,
,,,,,,,,,
GSF2124-Lennon-Plate_2_0-D-2-300,GSF2124-Lennon-Plate_2_0-D-2-300,,,,ATGCGCAG,,TCTTACGC,,
,,,,,,,,,
GSF2124-Lennon-Plate_2_2-D-5-300,GSF2124-Lennon-Plate_2_2-D-5-300,,,,ATGCGCAG,,CTTAATAG,,
,,,,,,,,,
GSF2124-Lennon-Plate_2_2-F-5-300,GSF2124-Lennon-Plate_2_2-F-5-300,,,,ATGCGCAG,,ATAGCCTT,,
,,,,,,,,,
GSF2124-Lennon-Plate_2_1-P-4-300,GSF2124-Lennon-Plate_2_1-P-4-300,,,,ATGCGCAG,,TAAGGCTC,,
,,,,,,,,,
GSF2124-Lennon-Plate_2_0-A-1-400,GSF2124-Lennon-Plate_2_0-A-1-400,,,,ATGCGCAG,,TCGCATAA,,
,,,,,,,,,
GSF2124-Lennon-Plate_2_1-A-2-300,GSF2124-Lennon-Plate_2_1-A-2-300,,,,TAGCGCTC,,CTAGTCGA,,
,,,,,,,,,
GSF2124-Lennon-Plate_2_1-B-1-300,GSF2124-Lennon-Plate_2_1-B-1-300,,,,TAGCGCTC,,AGCTAGAA,,
,,,,,,,,,
GSF2124-Lennon-Plate_2_0-C-5-300,GSF2124-Lennon-Plate_2_0-C-5-300,,,,TAGCGCTC,,ACTCTAGG,,
,,,,,,,,,
GSF2124-Lennon-Plate_2_0-D-3-300,GSF2124-Lennon-Plate_2_0-D-3-300,,,,TAGCGCTC,,TCTTACGC,,
,,,,,,,,,
GSF2124-Lennon-Plate_2_0-F-2-300,GSF2124-Lennon-Plate_2_0-F-2-300,,,,TAGCGCTC,,CTTAATAG,,
,,,,,,,,,
GSF2124-Lennon-Plate_2_0-J-2-300,GSF2124-Lennon-Plate_2_0-J-2-300,,,,TAGCGCTC,,ATAGCCTT,,
,,,,,,,,,
GSF2124-Lennon-Plate_2_1-P-5-300,GSF2124-Lennon-Plate_2_1-P-5-300,,,,TAGCGCTC,,TAAGGCTC,,
,,,,,,,,,
GSF2124-Lennon-Plate_2_0-A-2-400,GSF2124-Lennon-Plate_2_0-A-2-400,,,,TAGCGCTC,,TCGCATAA,,
,,,,,,,,,
GSF2124-Lennon-Plate_2_1-A-3-300,GSF2124-Lennon-Plate_2_1-A-3-300,,,,ACTGAGCG,,CTAGTCGA,,
,,,,,,,,,
GSF2124-Lennon-Plate_2_1-B-3-300,GSF2124-Lennon-Plate_2_1-B-3-300,,,,ACTGAGCG,,AGCTAGAA,,
,,,,,,,,,
GSF2124-Lennon-Plate_2_1-C-1-300,GSF2124-Lennon-Plate_2_1-C-1-300,,,,ACTGAGCG,,ACTCTAGG,,
,,,,,,,,,
GSF2124-Lennon-Plate_2_0-D-4-300,GSF2124-Lennon-Plate_2_0-D-4-300,,,,ACTGAGCG,,TCTTACGC,,
,,,,,,,,,
GSF2124-Lennon-Plate_2_0-F-3-300,GSF2124-Lennon-Plate_2_0-F-3-300,,,,ACTGAGCG,,CTTAATAG,,
,,,,,,,,,
GSF2124-Lennon-Plate_2_1-J-2-300,GSF2124-Lennon-Plate_2_1-J-2-300,,,,ACTGAGCG,,ATAGCCTT,,
,,,,,,,,,
GSF2124-Lennon-Plate_2_2-P-1-300,GSF2124-Lennon-Plate_2_2-P-1-300,,,,ACTGAGCG,,TAAGGCTC,,
,,,,,,,,,
GSF2124-Lennon-Plate_2_0-A-3-400,GSF2124-Lennon-Plate_2_0-A-3-400,,,,ACTGAGCG,,TCGCATAA,,
,,,,,,,,,
GSF2124-Lennon-Plate_2_1-A-4-300,GSF2124-Lennon-Plate_2_1-A-4-300,,,,CCTAAGAC,,CTAGTCGA,,
,,,,,,,,,
GSF2124-Lennon-Plate_2_1-B-4-300,GSF2124-Lennon-Plate_2_1-B-4-300,,,,CCTAAGAC,,AGCTAGAA,,
,,,,,,,,,
GSF2124-Lennon-Plate_2_1-C-2-300,GSF2124-Lennon-Plate_2_1-C-2-300,,,,CCTAAGAC,,ACTCTAGG,,
,,,,,,,,,
GSF2124-Lennon-Plate_2_0-D-5-300,GSF2124-Lennon-Plate_2_0-D-5-300,,,,CCTAAGAC,,TCTTACGC,,
,,,,,,,,,
GSF2124-Lennon-Plate_2_0-F-4-300,GSF2124-Lennon-Plate_2_0-F-4-300,,,,CCTAAGAC,,CTTAATAG,,
,,,,,,,,,
GSF2124-Lennon-Plate_2_1-J-5-300,GSF2124-Lennon-Plate_2_1-J-5-300,,,,CCTAAGAC,,ATAGCCTT,,
,,,,,,,,,
GSF2124-Lennon-Plate_2_2-P-2-300,GSF2124-Lennon-Plate_2_2-P-2-300,,,,CCTAAGAC,,TAAGGCTC,,
,,,,,,,,,
GSF2124-Lennon-Plate_2_0-A-4-400,GSF2124-Lennon-Plate_2_0-A-4-400,,,,CCTAAGAC,,TCGCATAA,,
,,,,,,,,,
GSF2124-Lennon-Plate_2_1-A-5-300,GSF2124-Lennon-Plate_2_1-A-5-300,,,,CGATCAGT,,CTAGTCGA,,
,,,,,,,,,
GSF2124-Lennon-Plate_2_1-B-5-300,GSF2124-Lennon-Plate_2_1-B-5-300,,,,CGATCAGT,,AGCTAGAA,,
,,,,,,,,,
GSF2124-Lennon-Plate_2_1-C-3-300,GSF2124-Lennon-Plate_2_1-C-3-300,,,,CGATCAGT,,ACTCTAGG,,
,,,,,,,,,
GSF2124-Lennon-Plate_2_1-D-2-300,GSF2124-Lennon-Plate_2_1-D-2-300,,,,CGATCAGT,,TCTTACGC,,
,,,,,,,,,
GSF2124-Lennon-Plate_2_0-F-5-300,GSF2124-Lennon-Plate_2_0-F-5-300,,,,CGATCAGT,,CTTAATAG,,
,,,,,,,,,
GSF2124-Lennon-Plate_2_2-J-2-300,GSF2124-Lennon-Plate_2_2-J-2-300,,,,CGATCAGT,,ATAGCCTT,,
,,,,,,,,,
GSF2124-Lennon-Plate_2_2-P-3-300,GSF2124-Lennon-Plate_2_2-P-3-300,,,,CGATCAGT,,TAAGGCTC,,
,,,,,,,,,
GSF2124-Lennon-Plate_2_0-A-5-400,GSF2124-Lennon-Plate_2_0-A-5-400,,,,CGATCAGT,,TCGCATAA,,
,,,,,,,,,
GSF2124-Lennon-Plate_2_2-A-1-300,GSF2124-Lennon-Plate_2_2-A-1-300,,,,TGCAGCTA,,CTAGTCGA,,
,,,,,,,,,
GSF2124-Lennon-Plate_2_2-B-1-300,GSF2124-Lennon-Plate_2_2-B-1-300,,,,TGCAGCTA,,AGCTAGAA,,
,,,,,,,,,
GSF2124-Lennon-Plate_2_1-C-4-300,GSF2124-Lennon-Plate_2_1-C-4-300,,,,TGCAGCTA,,ACTCTAGG,,
,,,,,,,,,
GSF2124-Lennon-Plate_2_1-D-3-300,GSF2124-Lennon-Plate_2_1-D-3-300,,,,TGCAGCTA,,TCTTACGC,,
,,,,,,,,,
GSF2124-Lennon-Plate_2_1-F-1-300,GSF2124-Lennon-Plate_2_1-F-1-300,,,,TGCAGCTA,,CTTAATAG,,
,,,,,,,,,
GSF2124-Lennon-Plate_2_2-J-4-300,GSF2124-Lennon-Plate_2_2-J-4-300,,,,TGCAGCTA,,ATAGCCTT,,
,,,,,,,,,
GSF2124-Lennon-Plate_2_2-P-4-300,GSF2124-Lennon-Plate_2_2-P-4-300,,,,TGCAGCTA,,TAAGGCTC,,
,,,,,,,,,
GSF2124-Lennon-Plate_2_1-A-1-400,GSF2124-Lennon-Plate_2_1-A-1-400,,,,TGCAGCTA,,TCGCATAA,,
,,,,,,,,,
GSF2124-Lennon-Plate_2_2-A-3-300,GSF2124-Lennon-Plate_2_2-A-3-300,,,,TCGACGTC,,CTAGTCGA,,
,,,,,,,,,
GSF2124-Lennon-Plate_2_2-B-2-300,GSF2124-Lennon-Plate_2_2-B-2-300,,,,TCGACGTC,,AGCTAGAA,,
,,,,,,,,,
GSF2124-Lennon-Plate_2_1-C-5-300,GSF2124-Lennon-Plate_2_1-C-5-300,,,,TCGACGTC,,ACTCTAGG,,
,,,,,,,,,
GSF2124-Lennon-Plate_2_1-D-4-300,GSF2124-Lennon-Plate_2_1-D-4-300,,,,TCGACGTC,,TCTTACGC,,
,,,,,,,,,
GSF2124-Lennon-Plate_2_1-F-2-300,GSF2124-Lennon-Plate_2_1-F-2-300,,,,TCGACGTC,,CTTAATAG,,
,,,,,,,,,
GSF2124-Lennon-Plate_2_2-J-5-300,GSF2124-Lennon-Plate_2_2-J-5-300,,,,TCGACGTC,,ATAGCCTT,,
,,,,,,,,,
GSF2124-Lennon-Plate_2_2-P-5-300,GSF2124-Lennon-Plate_2_2-P-5-300,,,,TCGACGTC,,TAAGGCTC,,
,,,,,,,,,
GSF2124-Lennon-Plate_2_1-A-2-400,GSF2124-Lennon-Plate_2_1-A-2-400,,,,TCGACGTC,,TCGCATAA,,